,realtime_start,realtime_end,date,value
0,2021-08-03,2021-08-03,1975-01-01,57.1
1,2021-08-03,2021-08-03,1975-02-01,57.9
2,2021-08-03,2021-08-03,1975-03-01,57.6
3,2021-08-03,2021-08-03,1975-04-01,59.0
4,2021-08-03,2021-08-03,1975-05-01,63.1
5,2021-08-03,2021-08-03,1975-06-01,63.1
6,2021-08-03,2021-08-03,1975-07-01,63.7
7,2021-08-03,2021-08-03,1975-08-01,64.4
8,2021-08-03,2021-08-03,1975-09-01,63.9
9,2021-08-03,2021-08-03,1975-10-01,64.8
10,2021-08-03,2021-08-03,1975-11-01,66.1
11,2021-08-03,2021-08-03,1975-12-01,67.8
12,2021-08-03,2021-08-03,1976-01-01,70.5
13,2021-08-03,2021-08-03,1976-02-01,72.6
14,2021-08-03,2021-08-03,1976-03-01,76.0
15,2021-08-03,2021-08-03,1976-04-01,74.4
16,2021-08-03,2021-08-03,1976-05-01,73.9
17,2021-08-03,2021-08-03,1976-06-01,73.1
18,2021-08-03,2021-08-03,1976-07-01,75.8
19,2021-08-03,2021-08-03,1976-08-01,77.2
20,2021-08-03,2021-08-03,1976-09-01,80.2
21,2021-08-03,2021-08-03,1976-10-01,82.1
22,2021-08-03,2021-08-03,1976-11-01,84.2
23,2021-08-03,2021-08-03,1976-12-01,86.0
24,2021-08-03,2021-08-03,1977-01-01,87.1
25,2021-08-03,2021-08-03,1977-02-01,86.0
26,2021-08-03,2021-08-03,1977-03-01,87.8
27,2021-08-03,2021-08-03,1977-04-01,87.7
28,2021-08-03,2021-08-03,1977-05-01,88.6
29,2021-08-03,2021-08-03,1977-06-01,88.2
30,2021-08-03,2021-08-03,1977-07-01,92.6
31,2021-08-03,2021-08-03,1977-08-01,95.2
32,2021-08-03,2021-08-03,1977-09-01,100.5
33,2021-08-03,2021-08-03,1977-10-01,98.3
34,2021-08-03,2021-08-03,1977-11-01,97.8
35,2021-08-03,2021-08-03,1977-12-01,98.6
36,2021-08-03,2021-08-03,1978-01-01,101.2
37,2021-08-03,2021-08-03,1978-02-01,103.1
38,2021-08-03,2021-08-03,1978-03-01,103.7
39,2021-08-03,2021-08-03,1978-04-01,104.8
40,2021-08-03,2021-08-03,1978-05-01,106.0
41,2021-08-03,2021-08-03,1978-06-01,108.4
42,2021-08-03,2021-08-03,1978-07-01,107.1
43,2021-08-03,2021-08-03,1978-08-01,107.6
44,2021-08-03,2021-08-03,1978-09-01,108.2
45,2021-08-03,2021-08-03,1978-10-01,110.6
46,2021-08-03,2021-08-03,1978-11-01,116.2
47,2021-08-03,2021-08-03,1978-12-01,113.2
48,2021-08-03,2021-08-03,1979-01-01,112.5
49,2021-08-03,2021-08-03,1979-02-01,112.8
50,2021-08-03,2021-08-03,1979-03-01,116.6
51,2021-08-03,2021-08-03,1979-04-01,117.7
52,2021-08-03,2021-08-03,1979-05-01,118.6
53,2021-08-03,2021-08-03,1979-06-01,119.4
54,2021-08-03,2021-08-03,1979-07-01,118.1
55,2021-08-03,2021-08-03,1979-08-01,120.9
56,2021-08-03,2021-08-03,1979-09-01,123.0
57,2021-08-03,2021-08-03,1979-10-01,124.7
58,2021-08-03,2021-08-03,1979-11-01,120.6
59,2021-08-03,2021-08-03,1979-12-01,112.9
60,2021-08-03,2021-08-03,1980-01-01,112.3
61,2021-08-03,2021-08-03,1980-02-01,113.9
62,2021-08-03,2021-08-03,1980-03-01,113.2
63,2021-08-03,2021-08-03,1980-04-01,100.0
64,2021-08-03,2021-08-03,1980-05-01,96.9
65,2021-08-03,2021-08-03,1980-06-01,101.7
66,2021-08-03,2021-08-03,1980-07-01,106.6
67,2021-08-03,2021-08-03,1980-08-01,108.7
68,2021-08-03,2021-08-03,1980-09-01,106.8
69,2021-08-03,2021-08-03,1980-10-01,107.2
70,2021-08-03,2021-08-03,1980-11-01,109.8
71,2021-08-03,2021-08-03,1980-12-01,112.6
72,2021-08-03,2021-08-03,1981-01-01,111.5
73,2021-08-03,2021-08-03,1981-02-01,108.9
74,2021-08-03,2021-08-03,1981-03-01,108.1
75,2021-08-03,2021-08-03,1981-04-01,109.7
76,2021-08-03,2021-08-03,1981-05-01,110.4
77,2021-08-03,2021-08-03,1981-06-01,109.2
78,2021-08-03,2021-08-03,1981-07-01,106.4
79,2021-08-03,2021-08-03,1981-08-01,106.2
80,2021-08-03,2021-08-03,1981-09-01,103.6
81,2021-08-03,2021-08-03,1981-10-01,103.6
82,2021-08-03,2021-08-03,1981-11-01,101.5
83,2021-08-03,2021-08-03,1981-12-01,102.0
84,2021-08-03,2021-08-03,1982-01-01,101.4
85,2021-08-03,2021-08-03,1982-02-01,99.1
86,2021-08-03,2021-08-03,1982-03-01,99.1
87,2021-08-03,2021-08-03,1982-04-01,99.6
88,2021-08-03,2021-08-03,1982-05-01,98.3
89,2021-08-03,2021-08-03,1982-06-01,99.6
90,2021-08-03,2021-08-03,1982-07-01,100.0
91,2021-08-03,2021-08-03,1982-08-01,98.6
92,2021-08-03,2021-08-03,1982-09-01,100.2
93,2021-08-03,2021-08-03,1982-10-01,101.2
94,2021-08-03,2021-08-03,1982-11-01,101.3
95,2021-08-03,2021-08-03,1982-12-01,103.0
96,2021-08-03,2021-08-03,1983-01-01,107.4
97,2021-08-03,2021-08-03,1983-02-01,112.4
98,2021-08-03,2021-08-03,1983-03-01,114.2
99,2021-08-03,2021-08-03,1983-04-01,113.7
100,2021-08-03,2021-08-03,1983-05-01,116.1
101,2021-08-03,2021-08-03,1983-06-01,120.3
102,2021-08-03,2021-08-03,1983-07-01,119.4
103,2021-08-03,2021-08-03,1983-08-01,118.9
104,2021-08-03,2021-08-03,1983-09-01,112.8
105,2021-08-03,2021-08-03,1983-10-01,114.8
106,2021-08-03,2021-08-03,1983-11-01,114.2
107,2021-08-03,2021-08-03,1983-12-01,115.1
108,2021-08-03,2021-08-03,1984-01-01,113.9
109,2021-08-03,2021-08-03,1984-02-01,116.2
110,2021-08-03,2021-08-03,1984-03-01,117.7
111,2021-08-03,2021-08-03,1984-04-01,114.7
112,2021-08-03,2021-08-03,1984-05-01,109.3
113,2021-08-03,2021-08-03,1984-06-01,106.8
114,2021-08-03,2021-08-03,1984-07-01,103.2
115,2021-08-03,2021-08-03,1984-08-01,105.6
116,2021-08-03,2021-08-03,1984-09-01,106.1
117,2021-08-03,2021-08-03,1984-10-01,107.5
118,2021-08-03,2021-08-03,1984-11-01,109.4
119,2021-08-03,2021-08-03,1984-12-01,109.2
120,2021-08-03,2021-08-03,1985-01-01,109.1
121,2021-08-03,2021-08-03,1985-02-01,106.6
122,2021-08-03,2021-08-03,1985-03-01,106.4
123,2021-08-03,2021-08-03,1985-04-01,103.8
124,2021-08-03,2021-08-03,1985-05-01,108.5
125,2021-08-03,2021-08-03,1985-06-01,114.0
126,2021-08-03,2021-08-03,1985-07-01,110.3
127,2021-08-03,2021-08-03,1985-08-01,107.6
128,2021-08-03,2021-08-03,1985-09-01,105.8
129,2021-08-03,2021-08-03,1985-10-01,105.6
130,2021-08-03,2021-08-03,1985-11-01,104.0
131,2021-08-03,2021-08-03,1985-12-01,104.7
132,2021-08-03,2021-08-03,1986-01-01,105.2
133,2021-08-03,2021-08-03,1986-02-01,102.9
134,2021-08-03,2021-08-03,1986-03-01,105.2
135,2021-08-03,2021-08-03,1986-04-01,110.0
136,2021-08-03,2021-08-03,1986-05-01,109.7
137,2021-08-03,2021-08-03,1986-06-01,106.5
138,2021-08-03,2021-08-03,1986-07-01,105.5
139,2021-08-03,2021-08-03,1986-08-01,108.2
140,2021-08-03,2021-08-03,1986-09-01,111.7
141,2021-08-03,2021-08-03,1986-10-01,111.0
142,2021-08-03,2021-08-03,1986-11-01,112.5
143,2021-08-03,2021-08-03,1986-12-01,111.6
144,2021-08-03,2021-08-03,1987-01-01,111.3
145,2021-08-03,2021-08-03,1987-02-01,113.3
146,2021-08-03,2021-08-03,1987-03-01,113.9
147,2021-08-03,2021-08-03,1987-04-01,112.1
148,2021-08-03,2021-08-03,1987-05-01,112.5
149,2021-08-03,2021-08-03,1987-06-01,114.2
150,2021-08-03,2021-08-03,1987-07-01,115.6
151,2021-08-03,2021-08-03,1987-08-01,117.5
152,2021-08-03,2021-08-03,1987-09-01,122.9
153,2021-08-03,2021-08-03,1987-10-01,119.9
154,2021-08-03,2021-08-03,1987-11-01,120.3
155,2021-08-03,2021-08-03,1987-12-01,120.6
156,2021-08-03,2021-08-03,1988-01-01,120.7
157,2021-08-03,2021-08-03,1988-02-01,120.3
158,2021-08-03,2021-08-03,1988-03-01,120.2
159,2021-08-03,2021-08-03,1988-04-01,119.0
160,2021-08-03,2021-08-03,1988-05-01,118.4
161,2021-08-03,2021-08-03,1988-06-01,120.0
162,2021-08-03,2021-08-03,1988-07-01,120.0
163,2021-08-03,2021-08-03,1988-08-01,119.8
164,2021-08-03,2021-08-03,1988-09-01,119.2
165,2021-08-03,2021-08-03,1988-10-01,120.6
166,2021-08-03,2021-08-03,1988-11-01,122.2
167,2021-08-03,2021-08-03,1988-12-01,121.3
168,2021-08-03,2021-08-03,1989-01-01,121.8
169,2021-08-03,2021-08-03,1989-02-01,123.4
170,2021-08-03,2021-08-03,1989-03-01,123.2
171,2021-08-03,2021-08-03,1989-04-01,125.1
172,2021-08-03,2021-08-03,1989-05-01,127.1
173,2021-08-03,2021-08-03,1989-06-01,128.5
174,2021-08-03,2021-08-03,1989-07-01,129.3
175,2021-08-03,2021-08-03,1989-08-01,130.4
176,2021-08-03,2021-08-03,1989-09-01,129.7
177,2021-08-03,2021-08-03,1989-10-01,133.5
178,2021-08-03,2021-08-03,1989-11-01,127.8
179,2021-08-03,2021-08-03,1989-12-01,127.4
180,2021-08-03,2021-08-03,1990-01-01,127.3
181,2021-08-03,2021-08-03,1990-02-01,126.7
182,2021-08-03,2021-08-03,1990-03-01,126.7
183,2021-08-03,2021-08-03,1990-04-01,126.5
184,2021-08-03,2021-08-03,1990-05-01,123.8
185,2021-08-03,2021-08-03,1990-06-01,122.3
186,2021-08-03,2021-08-03,1990-07-01,122.7
187,2021-08-03,2021-08-03,1990-08-01,123.5
188,2021-08-03,2021-08-03,1990-09-01,123.6
189,2021-08-03,2021-08-03,1990-10-01,122.5
190,2021-08-03,2021-08-03,1990-11-01,122.1
191,2021-08-03,2021-08-03,1990-12-01,121.2
192,2021-08-03,2021-08-03,1991-01-01,.
193,2021-08-03,2021-08-03,1991-02-01,.
194,2021-08-03,2021-08-03,1991-03-01,.
195,2021-08-03,2021-08-03,1991-04-01,.
196,2021-08-03,2021-08-03,1991-05-01,.
197,2021-08-03,2021-08-03,1991-06-01,.
198,2021-08-03,2021-08-03,1991-07-01,.
199,2021-08-03,2021-08-03,1991-08-01,.
200,2021-08-03,2021-08-03,1991-09-01,.
201,2021-08-03,2021-08-03,1991-10-01,.
202,2021-08-03,2021-08-03,1991-11-01,.
203,2021-08-03,2021-08-03,1991-12-01,.
204,2021-08-03,2021-08-03,1992-01-01,.
205,2021-08-03,2021-08-03,1992-02-01,.
206,2021-08-03,2021-08-03,1992-03-01,.
207,2021-08-03,2021-08-03,1992-04-01,.
208,2021-08-03,2021-08-03,1992-05-01,.
209,2021-08-03,2021-08-03,1992-06-01,.
210,2021-08-03,2021-08-03,1992-07-01,.
211,2021-08-03,2021-08-03,1992-08-01,.
212,2021-08-03,2021-08-03,1992-09-01,.
213,2021-08-03,2021-08-03,1992-10-01,.
214,2021-08-03,2021-08-03,1992-11-01,.
215,2021-08-03,2021-08-03,1992-12-01,.
216,2021-08-03,2021-08-03,1993-01-01,.
217,2021-08-03,2021-08-03,1993-02-01,.
218,2021-08-03,2021-08-03,1993-03-01,.
219,2021-08-03,2021-08-03,1993-04-01,.
220,2021-08-03,2021-08-03,1993-05-01,.
221,2021-08-03,2021-08-03,1993-06-01,.
222,2021-08-03,2021-08-03,1993-07-01,.
223,2021-08-03,2021-08-03,1993-08-01,.
224,2021-08-03,2021-08-03,1993-09-01,.
225,2021-08-03,2021-08-03,1993-10-01,.
226,2021-08-03,2021-08-03,1993-11-01,.
227,2021-08-03,2021-08-03,1993-12-01,.
228,2021-08-03,2021-08-03,1994-01-01,.
229,2021-08-03,2021-08-03,1994-02-01,.
230,2021-08-03,2021-08-03,1994-03-01,.
231,2021-08-03,2021-08-03,1994-04-01,.
232,2021-08-03,2021-08-03,1994-05-01,.
233,2021-08-03,2021-08-03,1994-06-01,.
234,2021-08-03,2021-08-03,1994-07-01,.
235,2021-08-03,2021-08-03,1994-08-01,.
236,2021-08-03,2021-08-03,1994-09-01,.
237,2021-08-03,2021-08-03,1994-10-01,.
238,2021-08-03,2021-08-03,1994-11-01,.
239,2021-08-03,2021-08-03,1994-12-01,.
240,2021-08-03,2021-08-03,1995-01-01,.
241,2021-08-03,2021-08-03,1995-02-01,.
242,2021-08-03,2021-08-03,1995-03-01,.
243,2021-08-03,2021-08-03,1995-04-01,.
244,2021-08-03,2021-08-03,1995-05-01,.
245,2021-08-03,2021-08-03,1995-06-01,.
246,2021-08-03,2021-08-03,1995-07-01,.
247,2021-08-03,2021-08-03,1995-08-01,.
248,2021-08-03,2021-08-03,1995-09-01,.
249,2021-08-03,2021-08-03,1995-10-01,.
250,2021-08-03,2021-08-03,1995-11-01,.
251,2021-08-03,2021-08-03,1995-12-01,.
252,2021-08-03,2021-08-03,1996-01-01,.
253,2021-08-03,2021-08-03,1996-02-01,.
254,2021-08-03,2021-08-03,1996-03-01,.
255,2021-08-03,2021-08-03,1996-04-01,.
256,2021-08-03,2021-08-03,1996-05-01,.
257,2021-08-03,2021-08-03,1996-06-01,.
258,2021-08-03,2021-08-03,1996-07-01,.
259,2021-08-03,2021-08-03,1996-08-01,.
260,2021-08-03,2021-08-03,1996-09-01,.
261,2021-08-03,2021-08-03,1996-10-01,.
262,2021-08-03,2021-08-03,1996-11-01,.
263,2021-08-03,2021-08-03,1996-12-01,.
264,2021-08-03,2021-08-03,1997-01-01,.
265,2021-08-03,2021-08-03,1997-02-01,.
266,2021-08-03,2021-08-03,1997-03-01,.
267,2021-08-03,2021-08-03,1997-04-01,.
268,2021-08-03,2021-08-03,1997-05-01,.
269,2021-08-03,2021-08-03,1997-06-01,.
270,2021-08-03,2021-08-03,1997-07-01,.
271,2021-08-03,2021-08-03,1997-08-01,.
272,2021-08-03,2021-08-03,1997-09-01,.
273,2021-08-03,2021-08-03,1997-10-01,.
274,2021-08-03,2021-08-03,1997-11-01,.
275,2021-08-03,2021-08-03,1997-12-01,.
276,2021-08-03,2021-08-03,1998-01-01,195.0
277,2021-08-03,2021-08-03,1998-02-01,193.5
278,2021-08-03,2021-08-03,1998-03-01,191.6
279,2021-08-03,2021-08-03,1998-04-01,190.2
280,2021-08-03,2021-08-03,1998-05-01,182.4
281,2021-08-03,2021-08-03,1998-06-01,173.4
282,2021-08-03,2021-08-03,1998-07-01,178.2
283,2021-08-03,2021-08-03,1998-08-01,180.2
284,2021-08-03,2021-08-03,1998-09-01,176.1
285,2021-08-03,2021-08-03,1998-10-01,177.9
286,2021-08-03,2021-08-03,1998-11-01,175.4
287,2021-08-03,2021-08-03,1998-12-01,179.6
288,2021-08-03,2021-08-03,1999-01-01,184.7
289,2021-08-03,2021-08-03,1999-02-01,187.4
290,2021-08-03,2021-08-03,1999-03-01,190.7
291,2021-08-03,2021-08-03,1999-04-01,188.7
292,2021-08-03,2021-08-03,1999-05-01,193.2
293,2021-08-03,2021-08-03,1999-06-01,201.3
294,2021-08-03,2021-08-03,1999-07-01,213.7
295,2021-08-03,2021-08-03,1999-08-01,203.3
296,2021-08-03,2021-08-03,1999-09-01,199.2
297,2021-08-03,2021-08-03,1999-10-01,194.8
298,2021-08-03,2021-08-03,1999-11-01,196.6
299,2021-08-03,2021-08-03,1999-12-01,198.4
300,2021-08-03,2021-08-03,2000-01-01,198.6
301,2021-08-03,2021-08-03,2000-02-01,194.5
302,2021-08-03,2021-08-03,2000-03-01,189.8
303,2021-08-03,2021-08-03,2000-04-01,185.4
304,2021-08-03,2021-08-03,2000-05-01,177.4
305,2021-08-03,2021-08-03,2000-06-01,175.3
306,2021-08-03,2021-08-03,2000-07-01,171.3
307,2021-08-03,2021-08-03,2000-08-01,167.3
308,2021-08-03,2021-08-03,2000-09-01,169.2
309,2021-08-03,2021-08-03,2000-10-01,172.5
310,2021-08-03,2021-08-03,2000-11-01,171.6
311,2021-08-03,2021-08-03,2000-12-01,170.2
312,2021-08-03,2021-08-03,2001-01-01,163.5
313,2021-08-03,2021-08-03,2001-02-01,163.4
314,2021-08-03,2021-08-03,2001-03-01,162.8
315,2021-08-03,2021-08-03,2001-04-01,162.8
316,2021-08-03,2021-08-03,2001-05-01,180.3
317,2021-08-03,2021-08-03,2001-06-01,182.9
318,2021-08-03,2021-08-03,2001-07-01,173.1
319,2021-08-03,2021-08-03,2001-08-01,172.4
320,2021-08-03,2021-08-03,2001-09-01,175.1
321,2021-08-03,2021-08-03,2001-10-01,169.5
322,2021-08-03,2021-08-03,2001-11-01,168.9
323,2021-08-03,2021-08-03,2001-12-01,166.5
324,2021-08-03,2021-08-03,2002-01-01,170.9
325,2021-08-03,2021-08-03,2002-02-01,172.4
326,2021-08-03,2021-08-03,2002-03-01,175.0
327,2021-08-03,2021-08-03,2002-04-01,173.7
328,2021-08-03,2021-08-03,2002-05-01,171.8
329,2021-08-03,2021-08-03,2002-06-01,166.2
330,2021-08-03,2021-08-03,2002-07-01,167.4
331,2021-08-03,2021-08-03,2002-08-01,169.5
332,2021-08-03,2021-08-03,2002-09-01,171.2
333,2021-08-03,2021-08-03,2002-10-01,170.6
334,2021-08-03,2021-08-03,2002-11-01,170.0
335,2021-08-03,2021-08-03,2002-12-01,170.7
336,2021-08-03,2021-08-03,2003-01-01,167.9
337,2021-08-03,2021-08-03,2003-02-01,167.9
338,2021-08-03,2021-08-03,2003-03-01,161.6
339,2021-08-03,2021-08-03,2003-04-01,159.7
340,2021-08-03,2021-08-03,2003-05-01,160.0
341,2021-08-03,2021-08-03,2003-06-01,161.0
342,2021-08-03,2021-08-03,2003-07-01,167.8
343,2021-08-03,2021-08-03,2003-08-01,169.5
344,2021-08-03,2021-08-03,2003-09-01,186.4
345,2021-08-03,2021-08-03,2003-10-01,182.8
346,2021-08-03,2021-08-03,2003-11-01,185.1
347,2021-08-03,2021-08-03,2003-12-01,185.3
348,2021-08-03,2021-08-03,2004-01-01,.
349,2021-08-03,2021-08-03,2004-02-01,.
350,2021-08-03,2021-08-03,2004-03-01,.
351,2021-08-03,2021-08-03,2004-04-01,.
352,2021-08-03,2021-08-03,2004-05-01,.
353,2021-08-03,2021-08-03,2004-06-01,.
354,2021-08-03,2021-08-03,2004-07-01,.
355,2021-08-03,2021-08-03,2004-08-01,.
356,2021-08-03,2021-08-03,2004-09-01,.
357,2021-08-03,2021-08-03,2004-10-01,.
358,2021-08-03,2021-08-03,2004-11-01,.
359,2021-08-03,2021-08-03,2004-12-01,.
360,2021-08-03,2021-08-03,2005-01-01,.
361,2021-08-03,2021-08-03,2005-02-01,.
362,2021-08-03,2021-08-03,2005-03-01,.
363,2021-08-03,2021-08-03,2005-04-01,.
364,2021-08-03,2021-08-03,2005-05-01,.
365,2021-08-03,2021-08-03,2005-06-01,.
366,2021-08-03,2021-08-03,2005-07-01,.
367,2021-08-03,2021-08-03,2005-08-01,.
368,2021-08-03,2021-08-03,2005-09-01,.
369,2021-08-03,2021-08-03,2005-10-01,.
370,2021-08-03,2021-08-03,2005-11-01,.
371,2021-08-03,2021-08-03,2005-12-01,.
372,2021-08-03,2021-08-03,2006-01-01,210.2
373,2021-08-03,2021-08-03,2006-02-01,206.9
374,2021-08-03,2021-08-03,2006-03-01,203.9
375,2021-08-03,2021-08-03,2006-04-01,199.0
376,2021-08-03,2021-08-03,2006-05-01,200.2
377,2021-08-03,2021-08-03,2006-06-01,190.7
378,2021-08-03,2021-08-03,2006-07-01,184.7
379,2021-08-03,2021-08-03,2006-08-01,179.7
380,2021-08-03,2021-08-03,2006-09-01,176.9
381,2021-08-03,2021-08-03,2006-10-01,172.6
382,2021-08-03,2021-08-03,2006-11-01,171.8
383,2021-08-03,2021-08-03,2006-12-01,172.5
384,2021-08-03,2021-08-03,2007-01-01,175.4
385,2021-08-03,2021-08-03,2007-02-01,172.1
386,2021-08-03,2021-08-03,2007-03-01,172.9
387,2021-08-03,2021-08-03,2007-04-01,170.3
388,2021-08-03,2021-08-03,2007-05-01,167.3
389,2021-08-03,2021-08-03,2007-06-01,172.1
390,2021-08-03,2021-08-03,2007-07-01,176.6
391,2021-08-03,2021-08-03,2007-08-01,172.6
392,2021-08-03,2021-08-03,2007-09-01,167.3
393,2021-08-03,2021-08-03,2007-10-01,169.2
394,2021-08-03,2021-08-03,2007-11-01,165.4
395,2021-08-03,2021-08-03,2007-12-01,163.6
396,2021-08-03,2021-08-03,2008-01-01,156.2
397,2021-08-03,2021-08-03,2008-02-01,150.7
398,2021-08-03,2021-08-03,2008-03-01,151.4
399,2021-08-03,2021-08-03,2008-04-01,150.7
400,2021-08-03,2021-08-03,2008-05-01,160.3
401,2021-08-03,2021-08-03,2008-06-01,164.8
402,2021-08-03,2021-08-03,2008-07-01,160.0
403,2021-08-03,2021-08-03,2008-08-01,161.4
404,2021-08-03,2021-08-03,2008-09-01,161.7
405,2021-08-03,2021-08-03,2008-10-01,155.1
406,2021-08-03,2021-08-03,2008-11-01,152.9
407,2021-08-03,2021-08-03,2008-12-01,149.0
408,2021-08-03,2021-08-03,2009-01-01,143.9
409,2021-08-03,2021-08-03,2009-02-01,139.7
410,2021-08-03,2021-08-03,2009-03-01,135.2
411,2021-08-03,2021-08-03,2009-04-01,133.6
412,2021-08-03,2021-08-03,2009-05-01,128.4
413,2021-08-03,2021-08-03,2009-06-01,135.1
414,2021-08-03,2021-08-03,2009-07-01,143.7
415,2021-08-03,2021-08-03,2009-08-01,143.0
416,2021-08-03,2021-08-03,2009-09-01,145.8
417,2021-08-03,2021-08-03,2009-10-01,147.9
418,2021-08-03,2021-08-03,2009-11-01,151.1
419,2021-08-03,2021-08-03,2009-12-01,153.0
420,2021-08-03,2021-08-03,2010-01-01,154.4
421,2021-08-03,2021-08-03,2010-02-01,162.8
422,2021-08-03,2021-08-03,2010-03-01,164.9
423,2021-08-03,2021-08-03,2010-04-01,169.4
424,2021-08-03,2021-08-03,2010-05-01,175.4
425,2021-08-03,2021-08-03,2010-06-01,162.1
426,2021-08-03,2021-08-03,2010-07-01,158.3
427,2021-08-03,2021-08-03,2010-08-01,153.4
428,2021-08-03,2021-08-03,2010-09-01,154.9
429,2021-08-03,2021-08-03,2010-10-01,156.1
430,2021-08-03,2021-08-03,2010-11-01,159.2
431,2021-08-03,2021-08-03,2010-12-01,161.8
432,2021-08-03,2021-08-03,2011-01-01,.
433,2021-08-03,2021-08-03,2011-02-01,.
434,2021-08-03,2021-08-03,2011-03-01,.
435,2021-08-03,2021-08-03,2011-04-01,.
436,2021-08-03,2021-08-03,2011-05-01,.
437,2021-08-03,2021-08-03,2011-06-01,.
438,2021-08-03,2021-08-03,2011-07-01,.
439,2021-08-03,2021-08-03,2011-08-01,.
440,2021-08-03,2021-08-03,2011-09-01,.
441,2021-08-03,2021-08-03,2011-10-01,.
442,2021-08-03,2021-08-03,2011-11-01,.
443,2021-08-03,2021-08-03,2011-12-01,.
444,2021-08-03,2021-08-03,2012-01-01,.
445,2021-08-03,2021-08-03,2012-02-01,.
446,2021-08-03,2021-08-03,2012-03-01,.
447,2021-08-03,2021-08-03,2012-04-01,.
448,2021-08-03,2021-08-03,2012-05-01,.
449,2021-08-03,2021-08-03,2012-06-01,.
450,2021-08-03,2021-08-03,2012-07-01,.
451,2021-08-03,2021-08-03,2012-08-01,.
452,2021-08-03,2021-08-03,2012-09-01,.
453,2021-08-03,2021-08-03,2012-10-01,.
454,2021-08-03,2021-08-03,2012-11-01,.
455,2021-08-03,2021-08-03,2012-12-01,.
456,2021-08-03,2021-08-03,2013-01-01,.
457,2021-08-03,2021-08-03,2013-02-01,.
458,2021-08-03,2021-08-03,2013-03-01,.
459,2021-08-03,2021-08-03,2013-04-01,.
460,2021-08-03,2021-08-03,2013-05-01,.
461,2021-08-03,2021-08-03,2013-06-01,.
462,2021-08-03,2021-08-03,2013-07-01,.
463,2021-08-03,2021-08-03,2013-08-01,.
464,2021-08-03,2021-08-03,2013-09-01,.
465,2021-08-03,2021-08-03,2013-10-01,.
466,2021-08-03,2021-08-03,2013-11-01,.
467,2021-08-03,2021-08-03,2013-12-01,.
468,2021-08-03,2021-08-03,2014-01-01,203.3
469,2021-08-03,2021-08-03,2014-02-01,205.1
470,2021-08-03,2021-08-03,2014-03-01,206.1
471,2021-08-03,2021-08-03,2014-04-01,200.8
472,2021-08-03,2021-08-03,2014-05-01,201.1
473,2021-08-03,2021-08-03,2014-06-01,204.1
474,2021-08-03,2021-08-03,2014-07-01,206.9
475,2021-08-03,2021-08-03,2014-08-01,207.2
476,2021-08-03,2021-08-03,2014-09-01,213.1
477,2021-08-03,2021-08-03,2014-10-01,207.9
478,2021-08-03,2021-08-03,2014-11-01,205.4
479,2021-08-03,2021-08-03,2014-12-01,204.1
480,2021-08-03,2021-08-03,2015-01-01,204.1
481,2021-08-03,2021-08-03,2015-02-01,198.0
482,2021-08-03,2021-08-03,2015-03-01,192.1
483,2021-08-03,2021-08-03,2015-04-01,191.4
484,2021-08-03,2021-08-03,2015-05-01,186.1
485,2021-08-03,2021-08-03,2015-06-01,191.5
486,2021-08-03,2021-08-03,2015-07-01,198.5
487,2021-08-03,2021-08-03,2015-08-01,191.6
488,2021-08-03,2021-08-03,2015-09-01,185.4
489,2021-08-03,2021-08-03,2015-10-01,188.5
490,2021-08-03,2021-08-03,2015-11-01,194.9
491,2021-08-03,2021-08-03,2015-12-01,190.9
492,2021-08-03,2021-08-03,2016-01-01,193.2
493,2021-08-03,2021-08-03,2016-02-01,188.0
494,2021-08-03,2021-08-03,2016-03-01,190.5
495,2021-08-03,2021-08-03,2016-04-01,195.6
496,2021-08-03,2021-08-03,2016-05-01,196.7
497,2021-08-03,2021-08-03,2016-06-01,200.9
498,2021-08-03,2021-08-03,2016-07-01,201.7
499,2021-08-03,2021-08-03,2016-08-01,202.8
500,2021-08-03,2021-08-03,2016-09-01,202.1
501,2021-08-03,2021-08-03,2016-10-01,203.7
502,2021-08-03,2021-08-03,2016-11-01,203.0
503,2021-08-03,2021-08-03,2016-12-01,207.5
504,2021-08-03,2021-08-03,2017-01-01,208.9
505,2021-08-03,2021-08-03,2017-02-01,213.5
506,2021-08-03,2021-08-03,2017-03-01,213.8
507,2021-08-03,2021-08-03,2017-04-01,222.2
508,2021-08-03,2021-08-03,2017-05-01,222.8
509,2021-08-03,2021-08-03,2017-06-01,219.8
510,2021-08-03,2021-08-03,2017-07-01,221.1
511,2021-08-03,2021-08-03,2017-08-01,225.8
512,2021-08-03,2021-08-03,2017-09-01,225.8
513,2021-08-03,2021-08-03,2017-10-01,236.2
514,2021-08-03,2021-08-03,2017-11-01,238.1
515,2021-08-03,2021-08-03,2017-12-01,237.4
516,2021-08-03,2021-08-03,2018-01-01,239.2
517,2021-08-03,2021-08-03,2018-02-01,249.8
518,2021-08-03,2021-08-03,2018-03-01,251.3
519,2021-08-03,2021-08-03,2018-04-01,247.4
520,2021-08-03,2021-08-03,2018-05-01,259.7
521,2021-08-03,2021-08-03,2018-06-01,271.3
522,2021-08-03,2021-08-03,2018-07-01,263.5
523,2021-08-03,2021-08-03,2018-08-01,237.5
524,2021-08-03,2021-08-03,2018-09-01,236.1
525,2021-08-03,2021-08-03,2018-10-01,216.8
526,2021-08-03,2021-08-03,2018-11-01,212.0
527,2021-08-03,2021-08-03,2018-12-01,215.5
528,2021-08-03,2021-08-03,2019-01-01,214.1
529,2021-08-03,2021-08-03,2019-02-01,219.7
530,2021-08-03,2021-08-03,2019-03-01,213.8
531,2021-08-03,2021-08-03,2019-04-01,211.8
532,2021-08-03,2021-08-03,2019-05-01,209.5
533,2021-08-03,2021-08-03,2019-06-01,205.2
534,2021-08-03,2021-08-03,2019-07-01,212.6
535,2021-08-03,2021-08-03,2019-08-01,212.4
536,2021-08-03,2021-08-03,2019-09-01,218.2
537,2021-08-03,2021-08-03,2019-10-01,219.4
538,2021-08-03,2021-08-03,2019-11-01,222.5
539,2021-08-03,2021-08-03,2019-12-01,226.4
540,2021-08-03,2021-08-03,2020-01-01,226.8
541,2021-08-03,2021-08-03,2020-02-01,230.2
542,2021-08-03,2021-08-03,2020-03-01,237.7
543,2021-08-03,2021-08-03,2020-04-01,210.0
544,2021-08-03,2021-08-03,2020-05-01,217.8
545,2021-08-03,2021-08-03,2020-06-01,243.8
546,2021-08-03,2021-08-03,2020-07-01,268.8
547,2021-08-03,2021-08-03,2020-08-01,312.1
548,2021-08-03,2021-08-03,2020-09-01,395.9
549,2021-08-03,2021-08-03,2020-10-01,369.0
550,2021-08-03,2021-08-03,2020-11-01,305.7
551,2021-08-03,2021-08-03,2020-12-01,349.5
552,2021-08-03,2021-08-03,2021-01-01,407.6
553,2021-08-03,2021-08-03,2021-02-01,413.6
554,2021-08-03,2021-08-03,2021-03-01,435.5
555,2021-08-03,2021-08-03,2021-04-01,464.0
556,2021-08-03,2021-08-03,2021-05-01,553.2
557,2021-08-03,2021-08-03,2021-06-01,549.2
